"conversation_id_str","created_at","favorite_count","full_text","id_str","image_url","in_reply_to_screen_name","lang","location","quote_count","reply_count","retweet_count","tweet_url","user_id_str","username"
"1821837172049375355","Fri Aug 09 15:06:10 +0000 2024","0","@ohmy_beautybank Punya xiu xiu sama azarine nder. Gak bikin kering kek pecah2 gitu sama stain nya lumayan awet. Tapi jangan dibawa makan kek kuah dan gorengan yaa cepat ilang.","1821925947085648370","","ohmy_beautybank","in","","0","0","0","https://x.com/syareliza/status/1821925947085648370","1803462529357848579","syareliza"
"1821464360054853719","Fri Aug 09 15:05:00 +0000 2024","0","@curadellapelle_ @AzarineCosmetic azarine bener2 gabisa diem yaa ","1821925654755209604","","curadellapelle_","in","","0","0","0","https://x.com/sundaaaey/status/1821925654755209604","1502511556219015169","sundaaaey"
"1821883791507661170","Fri Aug 09 15:03:28 +0000 2024","0","@wobooshi aku pake azarine yg hijau so far itu ss ternyaman di aku. ga greasy ringan pas di apply jd transparan ga flashback dan yg paling penting ga perih di mata","1821925270552715706","","wobooshishu","in","","0","0","0","https://x.com/_pratitta/status/1821925270552715706","1139437178692333570","_pratitta"
"1821840068958679114","Fri Aug 09 15:03:25 +0000 2024","0","@ecksveee Dear me beauty and azarine kalo mau lip tint tapi shadesnya bagus2 dan ga cuma oren merah warm tok","1821925255751070007","","ecksveee","in","","0","0","0","https://x.com/rockmargiela/status/1821925255751070007","788519985173897217","rockmargiela"
"1821922978243997705","Fri Aug 09 14:58:56 +0000 2024","0","kalo kena mata tuh perih bgt sbener nya gw pernah make ss emina tahun 2019an cuma gw ganti ke azarine karna emina parah perih bgt tadi gw sholat jumat kan jam 10am make ss emina itu karba sayang kan pas udhu itu perih bgt si gila parah mata gw sampe abis magriban ga ilang-","1821924129022648803","","akuanaksehat55","in","Bekasi, Jawa Barat","0","1","0","https://x.com/akuanaksehat55/status/1821924129022648803","1688540530681208832","akuanaksehat55"
"1821888175272521939","Fri Aug 09 14:57:56 +0000 2024","0","@erlapanbelas azarine nih sunscreen nya bagus bejirr tp kalo pake make up malah bikin cepet longsor)):","1821923876835860660","","erlapanbelas","in","","0","1","0","https://x.com/mugyou_/status/1821923876835860660","958824846401576960","mugyou_"
"1821899584790298707","Fri Aug 09 14:45:44 +0000 2024","0","@pipiw99_ User amaterasun + azarine ternyata","1821920806043296154","","pipiw99_","in","","0","0","0","https://x.com/arewhyenn/status/1821920806043296154","1589257654324858884","arewhyenn"
"1821870799994945840","Fri Aug 09 14:43:48 +0000 2024","0","@womanfeeds_id mois originote sunscreen azarine krim siang bedak tabur lip cream sm lipgloss","1821920319546007676","","womanfeeds_id","in","","0","0","0","https://x.com/Zargitttttttt/status/1821920319546007676","1496317828734996484","Zargitttttttt"
"1821846385932824720","Fri Aug 09 14:22:15 +0000 2024","0","@goingtoglowing MAKASIH KAKK! pake bedak azarine ajaaaa ","1821914895786635476","","goingtoglowing","in","","0","1","0","https://x.com/milktean00dle/status/1821914895786635476","1154667095612780544","milktean00dle"
"1821781682913259682","Fri Aug 09 14:19:59 +0000 2024","0","@sunfloliz Azarine penasaran bgt pls banyak yg blng bagusss","1821914326065934408","","sunfloliz","in","","0","0","0","https://x.com/diendadindin/status/1821914326065934408","1619340889209577474","diendadindin"
"1821912255098929216","Fri Aug 09 14:11:45 +0000 2024","0","Azarine Micellar Water 90 ml Pembersih Wajah Daily Heavy Make Up Untuk Semua Jenis Kulit dengan Ceramide Make Up Remover https://t.co/1UNQteAsuv https://t.co/zVnl2rvX8n","1821912255098929216","https://pbs.twimg.com/media/GUi7iLRbsAE0MJR.jpg","","in","","0","0","0","https://x.com/racun___id/status/1821912255098929216","1410111738633019399","racun___id"
"1821464360054853719","Fri Aug 09 14:06:39 +0000 2024","0","@curadellapelle_ @AzarineCosmetic Melongo aku liatnya cakep bgt packagingnya. Inovasi Azarine always terdepan. And makeup mu cakeuuppp pol","1821910968500408784","","curadellapelle_","in","campsite.bio/arintasetia","0","0","0","https://x.com/ArintaSetia/status/1821910968500408784","391239768","ArintaSetia"
"1821883791507661170","Fri Aug 09 14:03:41 +0000 2024","0","@wobooshi kalo aku pake azarine yang hydrasooth sunscreen gel itu lumayan bagus","1821910225617875102","","wobooshi","in","caratland·Øì·°£ê≠©.·êü ‚äπ","0","0","0","https://x.com/qouetta/status/1821910225617875102","1708374097372254208","qouetta"
"1821883791507661170","Fri Aug 09 13:55:48 +0000 2024","0","@wobooshi aku dulu pake azarine cocok bangeet gak bikin kusem minyakan gitu seng","1821908239468130393","","wobooshishu","in","05.","0","0","0","https://x.com/kyeo_omie/status/1821908239468130393","1807397518814416897","kyeo_omie"
"1821906704411587019","Fri Aug 09 13:50:33 +0000 2024","0","Pake serum retinol Azarine begitu. Pake sheet mask SBM begitu juga : ))). Tapi gimana euyy kalo misal ga cocok. Emang laku sheet mask SBM segentong ini? ","1821906919189311705","","nissyaf_","in","","0","0","0","https://x.com/nissyaf_/status/1821906919189311705","1245914437","nissyaf_"
"1819358289081389294","Fri Aug 09 13:30:56 +0000 2024","0","wts micellar water azarine ceramoist botanical. pernah dipake sekitar 25% bisa dilihat detailnya di foto. exp juni 2027. 15k ajaa https://t.co/NUDgG43LXD","1821901980471849240","https://pbs.twimg.com/media/GUiyKvSbcAAdD-i.jpg","egaage_","in","Indonesia","0","0","0","https://x.com/egaage_/status/1821901980471849240","2922558914","egaage_"
"1819358289081389294","Fri Aug 09 13:22:18 +0000 2024","1","wts azarine acne spot serum. sudah pernah dipake beberapa kali. exp juni 2027. 15k ajaaa wts wtb skincare preloved azarine emina https://t.co/Pr6g56XiDZ","1821899809563013561","https://pbs.twimg.com/media/GUiwNy-bMAAbdta.jpg","egaage_","in","Indonesia","1","2","0","https://x.com/egaage_/status/1821899809563013561","2922558914","egaage_"
"1821898869569101875","Fri Aug 09 13:18:34 +0000 2024","0","Cek Ô∏è Pamelo Ô∏è Azarine Hydrasoothe Sunscreen Gel SPF | Sunscreen Gel SPF45 PA++++ | SPF50 PA++++ dengan harga Rp50.540. Dapatkan di Shopee sekarang! https://t.co/pF5O2NdauS https://t.co/eTBCWpNQCw","1821898869569101875","https://pbs.twimg.com/media/GUivR5pXAAAe381.jpg","","in","Indonesia","0","0","0","https://x.com/silay/status/1821898869569101875","384360651","silay"
"1821837172049375355","Fri Aug 09 11:11:54 +0000 2024","0","@ohmy_beautybank azarine kalo murce wkwkwk","1821866991549911105","","ohmy_beautybank","in","","0","1","0","https://x.com/sssecretwt/status/1821866991549911105","1205676964494708736","sssecretwt"
"1821469720031506692","Fri Aug 09 11:00:47 +0000 2024","5","@AzarineCosmetic HARGA JUALNYA??? Mulai dari 75RB AJAAA dan ada 6 shades. Dari yg shade utk kulit fair sampai yang gelap ada bgt!!! https://t.co/K75iU0tnka","1821864196524724717","","Alarsszz","in","","0","0","1","https://x.com/Alarsszz/status/1821864196524724717","1155054186603483136","Alarsszz"
"1821853744382013888","Fri Aug 09 10:52:06 +0000 2024","0","@jalabng basic skincare kah mksdnya? klo ak; double cleansing pake viva ss y.o.u moist azarine fw sabun papaya masker g2g exfo viva peeling serum","1821862009790722309","","edofaslll","in","she/her","0","1","0","https://x.com/whosimaoo/status/1821862009790722309","1528359920919138306","whosimaoo"
"1821696462239232040","Fri Aug 09 10:37:16 +0000 2024","0","@unicelounge yg lagi cari sunscreen azarine nih 50k udh sama kapas free anter unnes/dewisartika https://t.co/8K0RUvmtH8","1821858275794530579","https://pbs.twimg.com/media/GUiKcC4agAAfLCU.jpg","unicelounge","in","","0","0","0","https://x.com/ka24mell/status/1821858275794530579","1336686019937095680","ka24mell"
"1821778320343933096","Fri Aug 09 10:29:01 +0000 2024","0","@dilanalyst biar ga tersaingi","1821856201782784463","","dilanalyst","in","","0","2","0","https://x.com/ssailerrmun/status/1821856201782784463","1273237135814848512","ssailerrmun"
"1821778320343933096","Fri Aug 09 10:28:28 +0000 2024","0","@kanazwut GAKKK AJG","1821856062288642402","","kanazwut","in","","0","1","0","https://x.com/ssailerrmun/status/1821856062288642402","1273237135814848512","ssailerrmun"
"1821842389285367939","Fri Aug 09 10:26:12 +0000 2024","0","@hanjoyous ak pake azarine yg cake lip tint side 7 baguss tau mayyy ringan jg klo dipake","1821855491397505354","","hanjoyous","in","‚ú©sociology'24","0","1","0","https://x.com/gheauniverse/status/1821855491397505354","1552157895940521984","gheauniverse"
"1819026220337786946","Fri Aug 09 10:23:39 +0000 2024","0","UPDATE Senka Perfect Whip SOLD Mirael Brightening Sugar Wax (Kissable Strawberry) SOLD Azarine Hydrasoothe Sunscreen Gel SPF45 PA++++ SOLD 2 pcs sisa 1 pcs yg avail masih banyak nih yuk yg mau boleh dm aku yaa &lt;3","1821854851757961455","","anotherdazz","in","","0","0","0","https://x.com/anotherdazz/status/1821854851757961455","1472934440015781894","anotherdazz"
"1821853823276642491","Fri Aug 09 10:20:55 +0000 2024","2","@i_m_mortal_ Muncul ka im td aku coba.. jm 17 malah gaada td :(","1821854160859623670","","i_m_mortal_","in","wa‚û∏","0","0","0","https://x.com/bigwinyook/status/1821854160859623670","1362378952837238785","bigwinyook"
"1821819590382362905","Fri Aug 09 10:19:03 +0000 2024","0","@kiaaaaca Lip tint nya azarine aku punya juga","1821853695124132005","","kiaaaaca","in","","0","0","0","https://x.com/Riska17/status/1821853695124132005","311821851","Riska17"
"1821851416841089503","Fri Aug 09 10:10:00 +0000 2024","72","A perfect shade for a perfect complexion Ini aku cuma pakai powder foundation terbarunya Azarine tapi lihat deh imperfections di wajah ketutup dengan sempurna &amp; jd flawless banget!! https://t.co/0Li8kcjIv9","1821851416841089503","https://pbs.twimg.com/media/GUiEM8fa0AAl1Va.jpg","","in","SEVENTEEN ","0","13","49","https://x.com/nisynwafer/status/1821851416841089503","1059346373491884032","nisynwafer"
"1821793507662819820","Fri Aug 09 10:05:07 +0000 2024","0","@fontenyuri Kalo pake toner azarine yg warna ijo bisa? Mukaku spek minyakan soalnya wkwkw","1821850187922579544","","fontenyuri","in","Indonesia","0","1","0","https://x.com/wuxxian__/status/1821850187922579544","152175961","wuxxian__"
"1821837172049375355","Fri Aug 09 10:02:48 +0000 2024","0","@ohmy_beautybank yg murce azarine","1821849603714752783","","ohmy_beautybank","in","exo planet. ","0","0","0","https://x.com/bucindyoo/status/1821849603714752783","1073858334808170497","bucindyoo"
"1821842389285367939","Fri Aug 09 10:02:29 +0000 2024","0","@nakedniel aku pake azarine tapi yg liptint","1821849524387901573","","nakedniel","in","INFJ ‚Äî she/her","0","1","0","https://x.com/hanjoyous/status/1821849524387901573","1783851515217952769","hanjoyous"
"1821847046573453777","Fri Aug 09 09:52:38 +0000 2024","0","sudah lama sekali tidak giveaway","1821847046573453777","","","in","","0","0","0","https://x.com/Alarsszz/status/1821847046573453777","1155054186603483136","Alarsszz"
"1821846769392902174","Fri Aug 09 09:51:32 +0000 2024","0","Ga sabaar ketemuu kak @prillyyla besok Ada yang samaa? ","1821846769392902174","","","in","Indonesia","0","0","0","https://x.com/AzarineCosmetic/status/1821846769392902174","902017661478903808","AzarineCosmetic"
"1821837172049375355","Fri Aug 09 09:45:58 +0000 2024","0","@ohmy_beautybank azarine stainnya cakeppp dan ga bikin kering","1821845365408276517","","ohmy_beautybank","in","skandar keynes‚Äôs heart","0","0","0","https://x.com/dshhfii/status/1821845365408276517","1240603266","dshhfii"
"1821834526198468863","Fri Aug 09 09:44:37 +0000 2024","0","3. Azarine Cosmetic Magic Colour Lip Serum Lip Serum yg diformulasikan khusus agar dapat merubah warna bibir kamu sesuai ph bibir kamu. Cocok juga untuk kamu yg bibirnya kering dan pecah2. 30k ‚≠êÔ∏è 4 2 https://t.co/eXoDb12WpD https://t.co/kQfxAmqLb1","1821845026512736294","https://pbs.twimg.com/media/GUh-Ypza8AE5J46.jpg","moontaeilwife","in","","0","1","0","https://x.com/moontaeilwife/status/1821845026512736294","1138620587570368517","moontaeilwife"
"1821844154193793413","Fri Aug 09 09:41:09 +0000 2024","0","kelihatan tidak yaa?","1821844154193793413","","","in","","0","1","0","https://x.com/Alarsszz/status/1821844154193793413","1155054186603483136","Alarsszz"
"1821842553731477886","Fri Aug 09 09:36:16 +0000 2024","1","- Close tgl 11 Agustus ya - Ada 2 pemenang https://t.co/Ew5l5Xfg6j","1821842925900460098","https://pbs.twimg.com/media/GUh8fIDbQAA-Nfr.jpg","Alarsszz","in","","0","1","0","https://x.com/Alarsszz/status/1821842925900460098","1155054186603483136","Alarsszz"
"1821842553731477886","Fri Aug 09 09:34:47 +0000 2024","99","Yuk cus kita GIVEAWAY Azarine Porefect Mumpung udah ready di oyen &amp; sebelum stocknya di ofc store Azarine Caranya? - RT &amp; like giveaway ini - RT &amp; like thread review TWC azarine di bawah ini - Reply mau shade apa &amp; dom kalian https://t.co/5CqmtJQQdl","1821842553731477886","","","in","","6","88","95","https://x.com/Alarsszz/status/1821842553731477886","1155054186603483136","Alarsszz"
"1821837340853334295","Fri Aug 09 09:22:23 +0000 2024","0","@dairypinkid @wardahbeauty penasaraann aku lagi cari pengganti azarine tone up yg discontinue :( btw boleh ga sih kak mau liat ngredients full nya","1821839431478960417","","dairypinkid","in","Jakarta Capital Region","0","0","0","https://x.com/hskrbrbw/status/1821839431478960417","1256143057684058112","hskrbrbw"
"1821477896684544365","Fri Aug 09 09:11:31 +0000 2024","0","@skinsofun cangtip selalu!!!","1821836696419450986","","skinsofun","in","","0","0","0","https://x.com/Alarsszz/status/1821836696419450986","1155054186603483136","Alarsszz"
"1821484716320821283","Fri Aug 09 09:11:19 +0000 2024","0","@fairestwin gils sih! texture nya nggak kayak sunscreeen","1821836647035703791","","fairestwin","in","","0","0","0","https://x.com/Alarsszz/status/1821836647035703791","1155054186603483136","Alarsszz"
"1821835770484896208","Fri Aug 09 09:07:50 +0000 2024","0","ada yg jual ss azarine atau the originote yang new dan ori?","1821835770484896208","","","in","","0","7","0","https://x.com/imeyjin/status/1821835770484896208","1170707999012208641","imeyjin"
"1821170743213736110","Fri Aug 09 08:48:13 +0000 2024","0","@tanyarlfes BnB azarine azzura (lipstick si kalo azzura) hanasui","1821830835458256955","","tanyarlfes","in","she/her","0","0","0","https://x.com/taeheejake/status/1821830835458256955","1282454983204409344","taeheejake"
"1821830710099112147","Fri Aug 09 08:47:43 +0000 2024","0","Target Beli Sun Screen Buat Gajian Bulan ini uhuy~ Azarine Sunscreen Gel SPF45","1821830710099112147","","","in","","0","0","0","https://x.com/Swethingslovers/status/1821830710099112147","1705624658115227648","Swethingslovers"
"1821821521809334770","Fri Aug 09 08:43:07 +0000 2024","0","@drelights yg OMG ga bkin kering tp yg azarine bkin kering dikit","1821829552232132844","","drelights","in","exo planet","0","0","0","https://x.com/lovelylalapaw/status/1821829552232132844","1343181412166377473","lovelylalapaw"
"1821819590382362905","Fri Aug 09 08:12:13 +0000 2024","0","@kiaaaaca naksir banget lippies azarine secakep ituuu","1821821773417214070","","kiaaaaca","in","","0","0","0","https://x.com/na29nay/status/1821821773417214070","1591569073330323456","na29nay"
"1821820929158394365","Fri Aug 09 08:08:51 +0000 2024","3","Azarine Calm My Acne Sunscreen Moisturiser SPF35 PA+++ [LOLOS UJI INVIVO INVITRO] Sunscreen Gel Untuk Kulit Berminyak Berjerawat Sensitif 40ml seharga Rp18.650. https://t.co/12SfzeWn7D https://t.co/8yRXnxb6kg","1821820929158394365","https://pbs.twimg.com/media/GUhoeYObYAA-O74.jpg","","in","","0","0","1","https://x.com/pemburupromo28/status/1821820929158394365","2384473045","pemburupromo28"
"1821819590382362905","Fri Aug 09 08:04:01 +0000 2024","1","ombre fav i mean selalu banget ku pake dazzle me lip mousse shade body talk dan di ombre bareng azarine tinted lippie cakep shade strawberry pie haruss bngt cobain ini karna ini tuh ga kering di bibir finish nya cakep bngt dan ketahanannya pun lumayan https://t.co/wlwupo0h7G","1821819709333147670","https://pbs.twimg.com/media/GUhnWLFXUAAyLW8.jpg","kiaaaaca","in","","0","1","0","https://x.com/kiaaaaca/status/1821819709333147670","1458388974628573186","kiaaaaca"
"1821266985625514327","Fri Aug 09 08:00:33 +0000 2024","0","@titipborongkak azarine yg kecil masih ga kak?","1821818840084541806","","titipborongkak","in","","0","1","0","https://x.com/cytratus/status/1821818840084541806","1815330440661860352","cytratus"
"1821815548776501684","Fri Aug 09 07:47:29 +0000 2024","0","Azarine 2 Pcs Paket Barrier Moisturizer Series with Serum Anti Acne Pelembab Wajah Instant Moist Mencerahkan Kulit Kusam Berjerawat¬†Sensitif 30g Rp105.000. https://t.co/kGgw9FLXBw https://t.co/cK53k7QY2r","1821815548776501684","https://pbs.twimg.com/media/GUhjlR3a8AA-zmE.jpg","","in","","0","0","0","https://x.com/ladyb2504/status/1821815548776501684","1285437879380893696","ladyb2504"
"1821469720031506692","Fri Aug 09 07:44:47 +0000 2024","6","@AzarineCosmetic Ini video pas aku nyobain twc nya https://t.co/9rAyBH1elD","1821814869102096769","https://pbs.twimg.com/ext_tw_video_thumb/1821814827213578240/pu/img/2Q5Weby42mFU9dNB.jpg","Alarsszz","in","","0","2","1","https://x.com/Alarsszz/status/1821814869102096769","1155054186603483136","Alarsszz"
"1821811298138534129","Fri Aug 09 07:39:05 +0000 2024","0","@hazberriy Azarine ajaa teksturnya kan gel gituu","1821813436030058833","","hazberriy","in","Rü´∂üèª","0","0","0","https://x.com/tutuing_ing/status/1821813436030058833","1304763578818289666","tutuing_ing"
"1821469720031506692","Fri Aug 09 07:36:23 +0000 2024","7","@AzarineCosmetic Tahan berapa lama? - Jujur kalau outdoor kena panas dan gampang keringetan saranku pakai loose powder lagi biar makin tahan lama - Kalau indoor pakai AC bisa 3 jam an juga oke no crack Foto di bawah after 4 jam kondisi Indoor Ac dan Outdoor panas¬†‚§µÔ∏è‚§µÔ∏è https://t.co/d41JdL0WH4","1821812757102309856","https://pbs.twimg.com/media/GUhhDCka8AMspdW.jpg","Alarsszz","in","","0","1","1","https://x.com/Alarsszz/status/1821812757102309856","1155054186603483136","Alarsszz"
"1821768382796198101","Fri Aug 09 07:20:25 +0000 2024","0","@terpamungkas azarine lip cream! ga kering di aku plss","1821808739172937874","","terpamungkas","in","","0","0","0","https://x.com/pesugihansantet/status/1821808739172937874","1716017647643680768","pesugihansantet"
"1821808639059091506","Fri Aug 09 07:20:03 +0000 2024","0","2. Azarine Calm My Acne Sunscreen spf 35 Pa+++ : 28k-36k Chemical Sunscreen ini terkenal untuk tekstur gel dan daya serap yang luar biasa berasa gak pakai apa-apa. Cocok banget untuk kamu yang oily banget. link : https://t.co/PoarJwoPug cari nomor produk : 2 https://t.co/1fSHFKUrss","1821808648097820826","https://pbs.twimg.com/media/GUhWoBWb0AAu3jU.jpg","BuyWiseShifu","in","","0","1","0","https://x.com/BuyWiseShifu/status/1821808648097820826","1675495164956254209","BuyWiseShifu"
"1821800111128613364","Fri Aug 09 07:05:02 +0000 2024","0","@beautyroom_fess Aku dlu bruntusan+jerawat pake azarine acne spot serum jadi mendingan nder cobain deh","1821804865905160322","","beautyroom_fess","in","","0","0","0","https://x.com/rianaaa34/status/1821804865905160322","1718987126262616064","rianaaa34"
"1821696462239232040","Fri Aug 09 07:00:27 +0000 2024","0","@unicelounge yuuu take all 45k ajaa toner azarine masih 95% cultusia juga masih 80% masih banyak https://t.co/3SC8zf04sq","1821803712568029425","https://pbs.twimg.com/media/GUhYzfHa8AIOyTs.jpg","unicelounge","in","","0","0","0","https://x.com/baekiechani/status/1821803712568029425","1409537110520958978","baekiechani"
"1821464360054853719","Fri Aug 09 06:55:33 +0000 2024","0","Lip tintnya aku pake Azarine juga loh. Aku pake shade 05.. Udh bbrp kali aku review. Bisa cek ya~~ 46K https://t.co/mCzFD8pUMO https://t.co/Zlq1nPzXw9","1821802478725427404","","curadellapelle_","in","Indonesia","0","0","0","https://x.com/curadellapelle_/status/1821802478725427404","375423762","curadellapelle_"
"1821464360054853719","Fri Aug 09 06:54:47 +0000 2024","0","Btw sekalian mau kasih tau disini aku pake blush azarine yg mango tango! Cakep bgt orange warm sukaaakkk 50K https://t.co/wbHMeVHKgk https://t.co/NToTxXmrHF","1821802288731783504","","curadellapelle_","in","Indonesia","0","1","0","https://x.com/curadellapelle_/status/1821802288731783504","375423762","curadellapelle_"
"1821781682913259682","Fri Aug 09 06:52:28 +0000 2024","0","@sunfloliz penasaran azarine deh","1821801702716272677","","sunfloliz","in","Indonesia","0","0","0","https://x.com/sagitariyuws/status/1821801702716272677","1522192519462752256","sagitariyuws"
"1821800636687524191","Fri Aug 09 06:48:13 +0000 2024","0","PC mereka Bang Yongguk jangan begitu ngapa fotonya ","1821800636687524191","","","in","","0","0","0","https://x.com/Alarsszz/status/1821800636687524191","1155054186603483136","Alarsszz"
"1821800550939423082","Fri Aug 09 06:47:53 +0000 2024","0","Cek Ô∏è Pamelo Ô∏è Azarine Hydrasoothe Sunscreen Gel SPF | Sunscreen Gel SPF45 PA++++ | SPF50 PA++++ dengan harga Rp50.540. Dapatkan di Shopee sekarang! https://t.co/ynhxWDp17D https://t.co/GGol3kyEEe","1821800550939423082","https://pbs.twimg.com/media/GUhV8QKaoAAivQc.jpg","","in","indonesia","0","0","0","https://x.com/djono50080213/status/1821800550939423082","1036422983194013696","djono50080213"
"1821798584796274985","Fri Aug 09 06:44:37 +0000 2024","0","@convomf Hadalabo yg putih sih nder aku dilanjut pake moist + ss azarine yg biru muda. ngelembabin sih cmn kl dah nyerep kering lagiii di area hidung enaknya dipakein apa ya","1821799727639502980","","convomf","in","O3‚Äô","0","0","0","https://x.com/leechanjay/status/1821799727639502980","910438222857039872","leechanjay"
"1821475715600298023","Fri Aug 09 06:26:05 +0000 2024","0","@hlogwarts @AzarineCosmetic azarine ada aj gebrakan ny ih bagus amat","1821795066203271260","","hlogwarts","in","","0","0","0","https://x.com/freakihooman/status/1821795066203271260","1214859925735690242","freakihooman"
"1821483983437455761","Fri Aug 09 06:19:41 +0000 2024","0","@bulbulkun @AzarineCosmetic Cakep banget hasilnya Packaging nya juga elegan azarine emang daebakkk","1821793452486746212","","bulbulkun","in","","0","0","0","https://x.com/sherapic22/status/1821793452486746212","1412022240145596417","sherapic22"
"1821785999707632095","Fri Aug 09 06:17:33 +0000 2024","0","@p_onydarcy sekarang lagi azarine hijau tp biasanya skin aqua yg tutup putihh","1821792915854856358","","MysariaFlames","in","","0","0","0","https://x.com/rolemodel7vals/status/1821792915854856358","1290945876731375616","rolemodel7vals"
"1821781682913259682","Fri Aug 09 06:13:06 +0000 2024","0","@sunfloliz kepo banget sama azarine","1821791799209554110","","sunfloliz","in","","0","0","0","https://x.com/na29nay/status/1821791799209554110","1591569073330323456","na29nay"
"1821790234088194365","Fri Aug 09 06:06:53 +0000 2024","0","Temukan [Azarine x Marvel] Retinol Complex + 5x Ceramide Mighty Serum 20ml seharga Rp49.250. Dapatkan sekarang juga di Shopee! https://t.co/WxtpWocLfG","1821790234088194365","","","in","Indonesia","0","0","0","https://x.com/disc_beauty/status/1821790234088194365","1196575943822737408","disc_beauty"
"1821469720031506692","Fri Aug 09 06:06:41 +0000 2024","0","@curadellapelle_ yang shade ini iyahhhhh. yang satunya keputihan sih tapi is okay ","1821790184356155493","","curadellapelle_","in","","0","0","0","https://x.com/Alarsszz/status/1821790184356155493","1155054186603483136","Alarsszz"
"1821469720031506692","Fri Aug 09 06:06:14 +0000 2024","0","@destryangryana buat daily kayaknya aman bgt kan ya des?","1821790070837538997","","destryangryana","in","","0","0","0","https://x.com/Alarsszz/status/1821790070837538997","1155054186603483136","Alarsszz"
"1821447219255574647","Fri Aug 09 06:04:14 +0000 2024","0","@soothazel @AzarineCosmetic Cakepp banget azarine ada mulu nih gebrakannya","1821789567281971703","","soothazel","in","","0","0","0","https://x.com/sherapic22/status/1821789567281971703","1412022240145596417","sherapic22"
"1821789276406968381","Fri Aug 09 06:03:05 +0000 2024","0","Temukan Azarine Advanced Youth Moisturizer 30g &amp; Polypeptide Fresh Vitality Toner 90ml [2 PCS] seharga Rp71.250. Dapatkan sekarang juga di Shopee! https://t.co/VFxyB64ucj","1821789276406968381","","","in","Indonesia","0","0","0","https://x.com/disc_beauty/status/1821789276406968381","1196575943822737408","disc_beauty"
"1821771524552176101","Fri Aug 09 04:54:40 +0000 2024","0","@capriiidump eh online kahhh testnya","1821772059783094386","","capriiidump","in","","0","1","0","https://x.com/ssailerrmun/status/1821772059783094386","1273237135814848512","ssailerrmun"
"1821771524552176101","Fri Aug 09 04:52:32 +0000 2024","0","@capriiidump pls baca dm ku klo udh selesai","1821771524552176101","","capriiidump","in","","0","1","0","https://x.com/ssailerrmun/status/1821771524552176101","1273237135814848512","ssailerrmun"
"1821771034254823770","Fri Aug 09 04:50:36 +0000 2024","0","se lemah itu jir","1821771034254823770","","","in","","0","0","0","https://x.com/ssailerrmun/status/1821771034254823770","1273237135814848512","ssailerrmun"
"1821770990181093734","Fri Aug 09 04:50:25 +0000 2024","0","gue mending disuruh ngerjain soal mtk dibanding b ingg","1821770990181093734","","","in","","1","0","0","https://x.com/ssailerrmun/status/1821770990181093734","1273237135814848512","ssailerrmun"
"1821748028690330097","Fri Aug 09 04:50:06 +0000 2024","0","@capriiidump pls gmn ya nasib kita...","1821770908174020981","","capriiidump","in","","0","1","0","https://x.com/ssailerrmun/status/1821770908174020981","1273237135814848512","ssailerrmun"
"1821748028690330097","Fri Aug 09 04:49:59 +0000 2024","0","@capriiidump GUE JUGAA YA SUMPAH","1821770881494085759","","capriiidump","in","","0","0","0","https://x.com/ssailerrmun/status/1821770881494085759","1273237135814848512","ssailerrmun"
"1821769255626699094","Fri Aug 09 04:45:39 +0000 2024","0","gatau ini ada ngaruhnya apa enggak sih. aku inget2 3 bulan kebelakang ganti foundi ( ini ke tinted ss nya somethinc tapi aku ttp pake ss nya azarine. trus sebulan an lalu ganti milk cleanser jadi oil cleanser) (kalo cleanser ganti setelah jerawatan duluan sih)","1821769789557371083","","DeclareStay","in","","0","0","0","https://x.com/DeclareStay/status/1821769789557371083","1260141753018925056","DeclareStay"
"1821765892687991207","Fri Aug 09 04:39:36 +0000 2024","0","@convomf pake pensil alis punya Azarine","1821768267704443073","","convomf","in","unlabeled acc.","0","0","0","https://x.com/atasnamaahra/status/1821768267704443073","1455794881641603073","atasnamaahra"
"1821765892687991207","Fri Aug 09 04:36:25 +0000 2024","0","@convomf skrg lg pake punya azarine yg 02","1821767466642710642","","convomf","in","","0","0","0","https://x.com/normallysha/status/1821767466642710642","1638870358139994118","normallysha"
"1821763327380615482","Fri Aug 09 04:20:06 +0000 2024","0","Yes! Ini tuh Tinted Lippiecable Balmnya Azarine Yg lagi aku pake ini shade 02 Caramel Candy. Dia punya 4 shades yg cantik Warnanya soft orange cantik banget apalagi buat yg punya warm undertone! https://t.co/vQjkRkeTQV","1821763359152501090","https://pbs.twimg.com/media/GUg0GSqa8AIB5en.jpg","vriscaintn","in","","0","1","0","https://x.com/vriscaintn/status/1821763359152501090","1091605264418013190","vriscaintn"
"1821467543808454924","Fri Aug 09 04:12:55 +0000 2024","0","@Mawrcellaa @AzarineCosmetic Penasaran sama TWC nya azarine ","1821761552741220674","","Mawrcellaa","in","","0","0","0","https://x.com/l0verrrr_/status/1821761552741220674","1387012942328057857","l0verrrr_"
"1820008147714801871","Fri Aug 09 03:55:40 +0000 2024","0","@asyabetmud Azarine enak bangett bangettt","1821757211380429135","","asyabetmud","hu","Indonesia","0","0","0","https://x.com/iluvchocoe/status/1821757211380429135","1818666730895687681","iluvchocoe"
"1821558241224196479","Fri Aug 09 03:51:22 +0000 2024","0","@tyonglite Ss azarine kak. Ori official store. Pengiriman hari ini https://t.co/AA7W2v2I0r","1821756130722447753","","tyonglite","in","sibuk menikmati hobi üí∏ ","0","0","0","https://x.com/xolovmi/status/1821756130722447753","1066295892016132097","xolovmi"
"1821707971241635875","Fri Aug 09 03:26:56 +0000 2024","0","@abcdefgharuu @ohmy_beautybank azarine yang oren kak buat kulit kering","1821749979599516059","","abcdefgharuu","in","","0","1","0","https://x.com/euphoriariureo/status/1821749979599516059","1618844796264783872","euphoriariureo"
"1821726171945693368","Fri Aug 09 03:22:30 +0000 2024","0","@RanAi12_ Ready kak","1821748863881113941","","RanAi12_","en","Kota Tangerang, Banten","0","1","0","https://x.com/asmloy/status/1821748863881113941","1704087565769588736","asmloy"
"1821187690177687585","Fri Aug 09 03:21:13 +0000 2024","0","@inlinewithyouu @undipmfs hanger hijab sama azarine masih ada kak?","1821748543469838384","","inlinewithyouu","in","","0","1","0","https://x.com/kocingkocingan/status/1821748543469838384","1500095015967551497","kocingkocingan"
"1821707971241635875","Fri Aug 09 03:09:36 +0000 2024","0","@ohmy_beautybank Aku setuju aku selalu pake sunscreen di area sekitar mata karena sunscreen ku ada efek tone up jadi bisa menyamarkan dark circle yang udah gelap banget. Kalo buat leher aku pakenya sunscreen yang kaya moisturizer contohnya cicamide barrier sunscreen dari azarine","1821745619742163425","","ohmy_beautybank","in","Bogor, Jawa Barat","0","0","0","https://x.com/aesthelll/status/1821745619742163425","1080181600850083840","aesthelll"
"1821556371801956485","Thu Aug 08 14:37:36 +0000 2024","0","Hayuk gais bantu larisin daganganku ini. Hari ini order besok langsung pengiriman! wts want to sell zonaba zonauang zonajajan bukupreloved skincarepreloved makeuppreloved taspreloved dompetpreloved ostdrakor wardah azarine #PuncakShopee88 https://t.co/sIrb4xSwTe","1821556371801956485","https://pbs.twimg.com/media/GUd33I7WMAA3U8G.jpg","","in","bekasi","0","0","0","https://x.com/mudslugg_/status/1821556371801956485","1630001905492709376","mudslugg_"
"1821555217823039565","Thu Aug 08 14:33:01 +0000 2024","0","jb wts Azarine cicamide barrier sunscreen 27k Marina lotion 92ml 8k Take semua 33k (29700) Dom jateng @haye1705 Req co via ijo Ô∏è","1821555217823039565","","","in","","0","0","0","https://x.com/JUALAN_AUTOBASE/status/1821555217823039565","354882092","JUALAN_AUTOBASE"
"1821533273316790455","Thu Aug 08 14:28:35 +0000 2024","0","@acipanser Iya emang gua juga lebih nyaman chemical sih walau physical juga ada yang bangus. Loe pakenya apa? Gua lagi seneng pake wardah sebelomnya azarine hehe.","1821554104352809181","","acipanser","in","","0","1","0","https://x.com/rio_damar/status/1821554104352809181","41073745","rio_damar"
"1821524698699895023","Thu Aug 08 14:26:09 +0000 2024","0","@honniejihoon Klo dirumah doang pake azarine klo keluar pake skinaqua tutup putih/amaterasun. Skin type ak oily acne prone yeahh","1821553491942527222","","honniejihoon","in","","0","1","0","https://x.com/tralala_lililia/status/1821553491942527222","1515351774248378371","tralala_lililia"
"1821550796603015661","Thu Aug 08 14:15:27 +0000 2024","0","Siapa yang mau azarine lippie cake ini gess blom dicoba karna salah beli shade 40k aja https://t.co/rLUAl0lI0Q","1821550796603015661","https://pbs.twimg.com/media/GUdyy5pbwAAPi_M.jpg","","in","","0","1","0","https://x.com/yunaalci/status/1821550796603015661","1328823032362647554","yunaalci"
"1821464360054853719","Thu Aug 08 14:13:32 +0000 2024","0","@curadellapelle_ @AzarineCosmetic Baru tau azarine ngeluarin produk pink pink","1821550312978850014","","curadellapelle_","in","üìß dm for PR/any inq.","0","0","0","https://x.com/sunseelly/status/1821550312978850014","496957166","sunseelly"
"1821475715600298023","Thu Aug 08 14:12:24 +0000 2024","0","@hlogwarts @AzarineCosmetic Azarine bgus bgt plsss aku juga mau coba ","1821550029448065139","","hlogwarts","in","","0","0","0","https://x.com/diendadindin/status/1821550029448065139","1619340889209577474","diendadindin"
"1821549007312936980","Thu Aug 08 14:08:20 +0000 2024","0","Kampanye 8.8 Mega akan datang! Cek penawaran hebat ini! Nama Produk: [BELI 1 DAPAT 2] Azarine Eye Combo Bundle (Eyeshadow FREE Eyeliner) https://t.co/MyAPCqvpPv https://t.co/NmXhLcpB4J","1821549007312936980","https://pbs.twimg.com/media/GUdxKT-awAEHV3m.jpg","","in","Indonesia","0","0","0","https://x.com/disc_beauty/status/1821549007312936980","1196575943822737408","disc_beauty"
"1821522871107379522","Thu Aug 08 13:58:01 +0000 2024","0","@leyareen ss azarine","1821546409168151029","","leyareen","in","","0","0","0","https://x.com/sunriseflow_/status/1821546409168151029","1651962136376258560","sunriseflow_"
"1821544973466321089","Thu Aug 08 13:52:19 +0000 2024","0","guys plis tolong pilihin di kulit sawo matang neutral to warm undertone bagus nya azarine shade 04 apa 05","1821544973466321089","","","in","","0","0","0","https://x.com/valovellove/status/1821544973466321089","1404808236679806978","valovellove"
"1821524698699895023","Thu Aug 08 13:44:59 +0000 2024","0","@honniejihoon azarine tp mw coba amaterasun","1821543129914466710","","honniejihoon","in","","0","1","0","https://x.com/starwonie/status/1821543129914466710","1054288501955416065","starwonie"
"1821522649895563682","Thu Aug 08 13:29:01 +0000 2024","0","@dprolog nie azarine ap wardah","1821539109854409104","","siieze","in","1.600 testi ","0","1","0","https://x.com/archegys/status/1821539109854409104","780937719929245696","archegys"
"1821506107417952279","Thu Aug 08 13:27:12 +0000 2024","0","@cimumucheol Aku wts azarine kak https://t.co/uYaXtW7kMA","1821538653291917534","","cimumucheol","in","ska","0","0","0","https://x.com/haye1705/status/1821538653291917534","1660385347","haye1705"
"1821512201259401597","Thu Aug 08 13:26:38 +0000 2024","0","@jjeyha Ini kak aku wts azarine cicamide barrier sunscreen bisa buat kulit kering https://t.co/uYaXtW7kMA","1821538510685565114","","jjeyha","in","ska","0","0","0","https://x.com/haye1705/status/1821538510685565114","1660385347","haye1705"
"1821532024580247867","Thu Aug 08 13:24:21 +0000 2024","0","@sptynindi @slhchyd @i_m_mortal_ Tp abis war pke wifi kak pas masing2 masih login diakunnya?","1821537935935635741","","sptynindi","in","wa‚û∏","0","0","0","https://x.com/bigwinyook/status/1821537935935635741","1362378952837238785","bigwinyook"
"1821532036328517728","Thu Aug 08 13:23:54 +0000 2024","10","OIYAA mau info TWC Azarine ini mengandung Squalane Vitamin E Ceramide. Selain itu juga non-comedogenic jadi semua tipe kulit bisa banget pake bedaknya Udahlah cus cobain sendiri aja karena buat harga se-affordable ini mau aku bilang apalagi??? SUPER WORTH IT https://t.co/fIR7fuguQI","1821537822458679442","https://pbs.twimg.com/media/GUdm_eBaUAAyj20.jpg","gitaskinjournal","in","tiktok.com/@gitaskinjournal","0","0","0","https://x.com/gitaskinjournal/status/1821537822458679442","1307942283543625728","gitaskinjournal"
"1821436689908379938","Thu Aug 08 13:20:52 +0000 2024","0","@angelarissa_ baruu lagi azarine nih","1821537058877481470","","angelarissa_","in","Bekasi, Jawa Barat","0","0","0","https://x.com/bodoamatnin/status/1821537058877481470","971032384740225029","bodoamatnin"
"1821484755046760575","Thu Aug 08 10:20:54 +0000 2024","0","@0X1LOVE Aku wts azarine cicamide sunscreen 27k kak Ô∏è link https://t.co/nhHoO5oZ2U https://t.co/jLj7lF13Vd","1821491771094028366","https://pbs.twimg.com/media/GUc9FnWaAAADMdk.jpg","0X1LOVE","in","ska","0","0","0","https://x.com/haye1705/status/1821491771094028366","1660385347","haye1705"
"1821491505858806181","Thu Aug 08 10:19:51 +0000 2024","3"," ùêäùêûùê£ùêÆùê≠ùêöùêß ùêíùêûùê´ùêÆ ùêùùê¢ ùêÅùêÆùê•ùêöùêß ùêÄùê†ùêÆùê¨ùê≠ùêÆùê¨ Belanja bareng kak @prillyyla di Alfamart Ampera 4 Jakarta! Dapatkan produk Azarine favoritmu dan nikmati pengalaman belanja seru! Sabtu 10 Agustus 2024 10.00 - 12.00 WIB Alfamart Ampera 4 Jakarta https://t.co/KlRweqiGzZ","1821491505858806181","https://pbs.twimg.com/media/GUc8d52agAAX6u7.jpg","","in","Indonesia","0","0","0","https://x.com/AzarineCosmetic/status/1821491505858806181","902017661478903808","AzarineCosmetic"
"1821483983437455761","Thu Aug 08 10:10:30 +0000 2024","10","It's so Porefect! Powder Foundation baru dari AzarineÔ∏è Jujur TWC-nya Azarine ini BAGUS BANGET! Dari pertama kali coba aku tuh kaya okee.. ayo ikut kemanapun aku pergi! alias auto masuk pouch Total ada 6 shades aku pake shade 120 Cheese #myporefectfilter #azarinetwc https://t.co/qFeqnEtDxS","1821489153311412355","https://pbs.twimg.com/media/GUc6uliaMAAy6w9.jpg","bulbulkun","in","","0","1","0","https://x.com/bulbulkun/status/1821489153311412355","972632196447006720","bulbulkun"
"1821427875347861656","Thu Aug 08 09:51:12 +0000 2024","0","@shunlOva azarine 08 masih kak?","1821484296617762895","","shunlOva","in","she/her ‚Ä¢ 02l","0","0","0","https://x.com/harabeojae/status/1821484296617762895","951044258991022080","harabeojae"
"1821477156079513830","Thu Aug 08 09:50:04 +0000 2024","0","@womanfeeds_id azarine ijo bagus buat acne nderr","1821484009387688429","","womanfeeds_id","in","üéÄüéâüê∞üíê‚ú®Ô∏è","0","0","0","https://x.com/vinvin098/status/1821484009387688429","1720278227149852672","vinvin098"
"1821483199345913971","Thu Aug 08 09:46:50 +0000 2024","1","ow kuliah kuliah amat jir https://t.co/JNu8aDZbfN","1821483199345913971","https://pbs.twimg.com/media/GUc1UR0XMAARx1f.jpg","","in","","0","1","0","https://x.com/ssailerrmun/status/1821483199345913971","1273237135814848512","ssailerrmun"
"1821452778289672662","Thu Aug 08 09:45:45 +0000 2024","0","@matchalatee__ @AzarineCosmetic wah baru tau azarine keluarin twc","1821482926842028372","","matchalatee__","in","","0","0","0","https://x.com/anjanialam/status/1821482926842028372","1065811345193332736","anjanialam"
"1821452778289672662","Thu Aug 08 09:44:34 +0000 2024","0","@matchalatee__ @AzarineCosmetic packing nya lucu banget azarine","1821482628614385989","","matchalatee__","in","‚†Ä ‚†Ä‚†Ä‚†Ä‚†Ä   ‚å¢‚å¢‚å¢‚å¢‚å¢‚å¢‡≠®‡≠ß‚å¢‚å¢‚å¢‚å¢‚å¢‚å¢
‚†Ä   ‚†Ä    ‚Äú. . ùêìùêáùêÑ ùêÖùêÑùêåùêàùêçùêàùêçùêÑ ùêåùêòùêíùêìùêàùêêùêîùêÑ ‚Äù
‚†Ä  ‚†Ä ‚†Ä  mess of her  ìâ≥ eternal graceful
‚†Ä‚†Ä‚†Ä      ‚å£‚å£‚å£‚å£‚å£‚å£‚å£‚å£‚å£‚å£‚å£‚å£‚å£‚å£‚å£","0","0","0","https://x.com/confessyu/status/1821482628614385989","2758540619","confessyu"
"1821436689908379938","Thu Aug 08 09:42:26 +0000 2024","0","@angelarissa_ Baru tau azarine ada produk ini","1821482089168109618","","angelarissa_","in","","0","0","0","https://x.com/Artbyann_/status/1821482089168109618","1481969256510410758","Artbyann_"
"1821481842710855733","Thu Aug 08 09:41:27 +0000 2024","0","moistnya azarine yg pure radiance bagus ga si","1821481842710855733","","","in","she","0","2","0","https://x.com/xeusouxee/status/1821481842710855733","1286023619642929152","xeusouxee"
"1821435487296655463","Thu Aug 08 09:38:17 +0000 2024","0","@wiie_wooz azarine love cinta matiku aku pk yg buat skin barrier","1821481045470126287","","onlywoozii","in","","0","0","0","https://x.com/xokmin/status/1821481045470126287","1785312222996230144","xokmin"
"1821452778289672662","Thu Aug 08 09:36:35 +0000 2024","0","@matchalatee__ @AzarineCosmetic baru tau azarine ngeluarin produk baru mana bagus banget packagingnya","1821480617420505111","","matchalatee__","in","G.","0","0","0","https://x.com/thvblast/status/1821480617420505111","1339134342543511552","thvblast"
"1821464360054853719","Thu Aug 08 09:20:33 +0000 2024","0","Tidak lupa aku selalu skinprep dulu pake toner + moist. Poin penting kl pake powder foundy biar nempel &amp; ga crack skinprep minim dan ga terlalu beceekk. Moistnya pake azarine biru https://t.co/JOu2s08pqd","1821476582739075530","","curadellapelle_","in","Indonesia","0","1","0","https://x.com/curadellapelle_/status/1821476582739075530","375423762","curadellapelle_"
"1817930679503753629","Thu Aug 08 09:20:09 +0000 2024","0","@1shabelle @convomf Mjb ka pakai ss azarine yg apa??","1821476482876895495","","1shabelle","in","Jkt.","0","0","0","https://x.com/itsgurlytaa/status/1821476482876895495","1391059906438909958","itsgurlytaa"
"1821470290905563425","Thu Aug 08 09:17:28 +0000 2024","1","preloved skintific sunscreen spray bioaqua cushion toner hyalu pratista serum avoskin salicylic acid+zinc hanasui lip cream azarine lip velvet somethinc ombrella moisturizer niacin skintific sama buku namaku alam! bisa shopee atau cod sekitar kampus ktt klo mau https://t.co/kQhb7jZxcz","1821475808588001691","https://pbs.twimg.com/media/GUculozX0AAiGO-.jpg","anotherdella","in","she/her","0","4","0","https://x.com/anotherdella/status/1821475808588001691","1345604827384987648","anotherdella"
"1821473467264569496","Thu Aug 08 09:15:51 +0000 2024","1","kalian harus banget cobain twcnya azarine yang baru ini shadenya cukup banyak dan bisa banget disesuaikan yang cocok sama skintone kalian dan kalian harus tau harganya start from 75ribuan aja untuk twc sebagus ini ini worth it banget dibeli buruan cobain #azarinetwc https://t.co/K8FOYrTG4X","1821475400163508423","https://pbs.twimg.com/media/GUcuN0FXIAA5zzK.jpg","arccsia","in","Kalimantan Selatan, Indonesia","0","0","0","https://x.com/arccsia/status/1821475400163508423","1412683929773961217","arccsia"
"1821451691759468771","Thu Aug 08 07:57:25 +0000 2024","0","@womanfeeds_id Azarine bisa diem ga sih? kan aku ga tahan pgn co jadinya ","1821455660422479877","","womanfeeds_id","in","","0","0","0","https://x.com/SylvanasAlleron/status/1821455660422479877","1666116387188903939","SylvanasAlleron"
"1821436689908379938","Thu Aug 08 07:56:54 +0000 2024","0","@angelarissa_ azarine ngeluarin kosmetik lg omaigattt... &lt;3","1821455533767106944","","angelarissa_","in","","0","0","0","https://x.com/halloverdaa/status/1821455533767106944","1164720868271853569","halloverdaa"
"1821455426300596231","Thu Aug 08 07:56:29 +0000 2024","0","{mu} produk acne treatment kesukaan kalian apa guys? i ll go first! acne spot serumnya azarine https://t.co/t46IVE07wP https://t.co/tzVstRYq5J","1821455426300596231","https://pbs.twimg.com/media/GUccDshbAAAGujS.jpg","","in","INFO ‚û°Ô∏è","0","0","0","https://x.com/womanfeeds_id/status/1821455426300596231","866802272432300032","womanfeeds_id"
"1821452778289672662","Thu Aug 08 07:56:20 +0000 2024","0","@matchalatee__ @AzarineCosmetic cantik banget ya azarine","1821455387394224385","","matchalatee__","in","Edinburgh, Scotland","0","0","0","https://x.com/cindetr/status/1821455387394224385","1356625718138990593","cindetr"
"1821440075777069474","Thu Aug 08 07:55:20 +0000 2024","5","Tekstur two way cake ini halus+lembut. So.. Kurang lebih hasil nya kek gini yaww. Enak banget buat dipake daily. Mau make-up satset hasilnya flawless kalian wajib punya two way cake nya Azarine ini Worth to buy ko aku kasih link orennya yaa : https://t.co/kDR1u0LfV6 https://t.co/qGOjr4j7T0","1821455136914559233","https://pbs.twimg.com/ext_tw_video_thumb/1821455078521196545/pu/img/ajdSzTh-UN-4Ap0y.jpg","iamtryshb1","in","DKI Jakarta, Indonesia","0","0","0","https://x.com/iamtryshb1/status/1821455136914559233","1131106476057956352","iamtryshb1"
"1821452778289672662","Thu Aug 08 07:49:04 +0000 2024","20","yg aku suka dari TWC-nya Azarine ini dia soft matte finished result long lasting without crack padahal dry skin itu biasanya kalo dipakein TWC gampang crack but ini ngga sama sekali https://t.co/OJ0U8zxjaE","1821453561282355650","https://pbs.twimg.com/media/GUcaS74a8AAei2b.jpg","matchalatee__","in","gatau","0","1","0","https://x.com/matchalatee__/status/1821453561282355650","1167267216917577728","matchalatee__"
"1821452778344247790","Thu Aug 08 07:45:57 +0000 2024","0","Cek Ô∏è Pamelo Ô∏è Azarine Hydrasoothe Sunscreen Gel SPF | Sunscreen Gel SPF45 PA++++ | SPF50 PA++++ dengan harga Rp50.340. Dapatkan di Shopee sekarang! https://t.co/6me8yz9qqc https://t.co/Jn0qfZ12Y6","1821452778344247790","https://pbs.twimg.com/media/GUcZoqsaEAAtAc9.jpg","","in","indonesia","0","0","0","https://x.com/djono50080213/status/1821452778344247790","1036422983194013696","djono50080213"
"1821452754889703729","Thu Aug 08 07:45:52 +0000 2024","0","Cek Azarine Cicamide Barrier Sunscreen Moisturiser SPF35 PA+++ [LOLOS UJI INVIVO INVITRO] Sunscreen Gel Untuk Skin Barrier Protection Sunscreen Kulit Kering Berjerawat Sensitif 40ml dengan harga Rp33.900. Dapatkan di Shopee sekarang! https://t.co/WtlDxBVtHu https://t.co/nZ8FgJGa2X","1821452754889703729","https://pbs.twimg.com/media/GUcZoI6bcAAn3Ul.jpg","","in","","0","0","0","https://x.com/amelptw/status/1821452754889703729","96719083","amelptw"
"1821451691759468771","Thu Aug 08 07:41:38 +0000 2024","3","{mu} AZARINE PUNYA TWC BARU... cakep bgt gasi? siapa udah cobainnn?? https://t.co/MbhNYsDJ7a https://t.co/anDQkrQXnu","1821451691759468771","https://pbs.twimg.com/media/GUcYqRQaIAASaKo.jpg","","in","INFO ‚û°Ô∏è","0","1","0","https://x.com/womanfeeds_id/status/1821451691759468771","866802272432300032","womanfeeds_id"
"1821448562926055709","Thu Aug 08 07:29:12 +0000 2024","0","bagusan ss azarine atau whitelab ya buat kulit oily???","1821448562926055709","","","in","ùíïùíâùíÜùíÉ`ùíîùíâùíÜ/ùíâùíÜùíì‚Å∞¬πüáÆüá©","0","1","0","https://x.com/loopsblooms/status/1821448562926055709","1260625892339904512","loopsblooms"
"1821447219255574647","Thu Aug 08 07:24:07 +0000 2024","1","Azarine It s So Perfect Powder Foundation ‚ÇäÀö‚äπ Packagingnyaa aestheticc bgt! Compact dan cantiikk aku sukaak dilengkapi sama spons bentuknya tear drop gemes tp tetep fungsional! https://t.co/GBntELYk4v","1821447281260073211","https://pbs.twimg.com/media/GUcUmcEacAAKMeK.jpg","soothazel","in","","0","1","0","https://x.com/soothazel/status/1821447281260073211","2164705194","soothazel"
"1821397120680943786","Thu Aug 08 07:19:57 +0000 2024","1","dan terakhir bagian bibir aku pake lipbalm dari azarine trs lipcreamnya dari instaperfect yg shade 01 tawny dan innernya pake dari raecca setelah bagian bibir beres aku set pake setting spray lagi jadi total 3 kali pake ss https://t.co/I4ruINtkIz","1821446232298119216","https://pbs.twimg.com/media/GUcTpjJakAA2Rwz.jpg","imutorgnya","in","","0","1","0","https://x.com/imutorgnya/status/1821446232298119216","1378830902801752065","imutorgnya"
"1821440075777069474","Thu Aug 08 07:04:06 +0000 2024","7","Btw gengss ini produk barunya It's so perfect! Powder foundation Azarine. Aku punya 2 shade nya 120 chesse dan 210 almond. Salfok packaging nya super cantik https://t.co/FIOXUL5XBX","1821442245087862852","https://pbs.twimg.com/media/GUcQEU1bgAAelI7.jpg","iamtryshb1","in","DKI Jakarta, Indonesia","0","2","0","https://x.com/iamtryshb1/status/1821442245087862852","1131106476057956352","iamtryshb1"
"1821441153050497154","Thu Aug 08 06:59:46 +0000 2024","0","brp ya harganya jir","1821441153050497154","","","in","","0","0","0","https://x.com/ssailerrmun/status/1821441153050497154","1273237135814848512","ssailerrmun"
"1821440075777069474","Thu Aug 08 06:55:29 +0000 2024","91","Super ringan twc satu ini Sukaa make up simple ku kali ini cuma pake twc Azarine Gapake concealer/atau tambahan apapun tpi finishnya flawless gini https://t.co/gQgVAFFMpy","1821440075777069474","https://pbs.twimg.com/media/GUcOGG8bcAA6JEE.jpg","","in","DKI Jakarta, Indonesia","0","50","52","https://x.com/iamtryshb1/status/1821440075777069474","1131106476057956352","iamtryshb1"
"1821427217844584747","Thu Aug 08 06:48:50 +0000 2024","0","@closertocb Azarine yang iklan red velvet itu wanginya enak kayak biskuit","1821438400567955883","","closertocb","in","CHANBAEK 4EVERüé∂","0","0","0","https://x.com/xoxobaekchan/status/1821438400567955883","1264088005985177602","xoxobaekchan"
"1821436689908379938","Thu Aug 08 06:43:35 +0000 2024","4","Azarine It's So Perfect Powder! Powder Foundation &lt;3 claimnya instant pore blurring jadi bikin pori-pori auto blur &amp; finishnya flawless. dan beneran ini gak dempul walaupun aku pake full https://t.co/RXvaJremEL","1821437081434083820","https://pbs.twimg.com/media/GUcLXlDbgAA1zeh.jpg","angelarissa_","in","","0","1","1","https://x.com/angelarissa_/status/1821437081434083820","391333028","angelarissa_"
"1821436980083015998","Thu Aug 08 06:43:23 +0000 2024","11","Azarine It s so Porefect! Powder Foundation Àô . Íí∑ . ñ¶πÀô sesuai claimnya instant pore blurring jadi bener-bener bikin muka kita jadi flawless + packagingnya compact banget aku ada 2 shades dan di video aku lagi pake yang shade 110 butter #MyPorefectFilter https://t.co/gSz8xWKIcA","1821437032188797187","https://pbs.twimg.com/ext_tw_video_thumb/1821436985275564032/pu/img/YAqs0zLFLr9Lo4xR.jpg","salmonoriental","in","","0","1","0","https://x.com/salmonoriental/status/1821437032188797187","1274943857591898114","salmonoriental"
"1821436990627463267","Thu Aug 08 06:43:13 +0000 2024","64","makasih dokter kulit yang rekomendasiin Succinic Acid buat jerawat ini pake Azarine Acne Spot 20 RIBUANNN bikin jerawat cepet keringg https://t.co/5KExDFpWxZ","1821436990627463267","https://pbs.twimg.com/media/GUcLRyebgAAhhIC.jpg","","in","instagram.com/journeywithApr","0","14","39","https://x.com/journeywithApr/status/1821436990627463267","2402369514","journeywithApr"
"1821380457969352747","Thu Aug 08 06:42:34 +0000 2024","0","Btw meskipun Succinic Acid ini turunan dari Salicylic Acid dia cara pakainya sama kyk pakai serum kebanyakan kok bisa dipakai rutin pagi &amp; malam hari. Selain itu dia juga nggak ada cekit-cekitnya sama sekali super luv sama serum Azarine ini https://t.co/l0JRwfjQNK","1821436826986610787","https://pbs.twimg.com/media/GUcLIv-aMAAmKKH.jpg","nisynwafer","in","SEVENTEEN ","0","0","0","https://x.com/nisynwafer/status/1821436826986610787","1059346373491884032","nisynwafer"
"1821436689908379938","Thu Aug 08 06:42:02 +0000 2024","246","Powder Foundation Azarine...... CAKEP BGT GAK DEMPUL T______T porefect filter bgt https://t.co/63kHxvV1xk","1821436689908379938","https://pbs.twimg.com/media/GUcLAwMagAAuc2A.jpg","","in","","2","96","192","https://x.com/angelarissa_/status/1821436689908379938","391333028","angelarissa_"
"1821121547828125795","Thu Aug 08 06:30:13 +0000 2024","0","@doiienana emg azarine ada paketannya ya? baru denger","1821433717585526851","","doiienana","in","she ","0","1","0","https://x.com/itaa__0/status/1821433717585526851","1384703853891706883","itaa__0"
"1821119140477718946","Thu Aug 08 06:28:29 +0000 2024","0","@convomf implora nder st kombinasi tapi sekarang mau nyoba azarine","1821433280170008734","","convomf","in","","0","0","0","https://x.com/apsihkocak/status/1821433280170008734","1642173688916377600","apsihkocak"
"1821432791676108965","Thu Aug 08 06:26:32 +0000 2024","0","[BELI 1 DAPAT 2] Azarine Velvety Ombre Lip Bundle Lip Velvet. Dapatkan di Lazada sekarang! | https://t.co/jAhV1QZbd9","1821432791676108965","","","in","Earth","0","0","0","https://x.com/re_aruni/status/1821432791676108965","82032251","re_aruni"
"1821427217844584747","Thu Aug 08 06:15:39 +0000 2024","0","@closertocb azarine lip velvet sama liptint nya bau choco kak. raecca liptint. wardah lip velvet. aku cuma punya itu","1821430052007141832","","closertocb","in","","0","1","0","https://x.com/baekhywune/status/1821430052007141832","1280109774982377472","baekhywune"
"1821414856182141203","Thu Aug 08 06:11:15 +0000 2024","0","@womanfeeds_id Oke oke aja di aku tapi aku ga bisa bedain feel pake ss ini sama azarine yg ijo tua","1821428943263821894","","womanfeeds_id","in","","0","0","0","https://x.com/sosoft_biru/status/1821428943263821894","1821332702131290112","sosoft_biru"
"1821428328085266533","Thu Aug 08 06:08:48 +0000 2024","0","Azarine Pelembab Wajah https://t.co/psmifX5N7t https://t.co/v4mzmlZggD","1821428328085266533","https://pbs.twimg.com/media/GUcDaTcWMAA8id0.jpg","","in","","0","0","0","https://x.com/BadmintonLive1/status/1821428328085266533","1191391012838506503","BadmintonLive1"
"1821427875347861656","Thu Aug 08 06:07:00 +0000 2024","1","WTS Preloved skincare n make up SKIN1004 tea trica ampoule (80%) 150K i'm from Mugwort Cream (90%) 300K Azarine tinted lippie cake shade 02 &amp; 08 (belum pernah dipake soalnya g cocok warnanya bjir) 20k/ea YOU Cloud Touch C203 (98% baru 1x pake terlalu terang) 80K Bandung https://t.co/3KVRR7fs58","1821427875347861656","https://pbs.twimg.com/media/GUcC_wJXsAAXXB4.jpg","","in","she/her (18)","1","3","0","https://x.com/shunlOva/status/1821427875347861656","1132621701525565443","shunlOva"
"1821411473870237970","Thu Aug 08 05:55:24 +0000 2024","0","@womanfeeds_id azarine cuyyyy","1821424953943884089","","womanfeeds_id","in","daily tweets orgil","0","0","0","https://x.com/todayisrrenjun/status/1821424953943884089","1101667230637481984","todayisrrenjun"
"1821419201749516459","Thu Aug 08 05:54:13 +0000 2024","0","@only4younghoon Aku pake emina cica acne sama azarine calm acne Aku tadi beli yang emina twinpack dapet 56k/2pcs","1821424656014082206","","only4younghoon","in","","0","1","0","https://x.com/miremirmir/status/1821424656014082206","3146319189","miremirmir"
"1821419201749516459","Thu Aug 08 05:48:50 +0000 2024","0","@only4younghoon Aku pakai azarine dah repurchase berkali kali","1821423304252821984","","only4younghoon","in","Also know as Ryo","0","1","0","https://x.com/another_rfy/status/1821423304252821984","1179651848271122432","another_rfy"
"1821422400820662379","Thu Aug 08 05:45:15 +0000 2024","0","Kampanye 8.8 Mega akan datang! Cek penawaran hebat ini! Nama Produk: [GEL] Azarine Hydrasoothe Sunscreen Gel SPF45 PA++++ 50 ml Harga Produk: Rp70.000 Harga Diskon: Rp64.400 | https://t.co/WtjJx9u9X8","1821422400820662379","","","in","Indonesia","0","0","0","https://x.com/Vinnyaalvi/status/1821422400820662379","1733417658815750144","Vinnyaalvi"
"1821377005964693864","Thu Aug 08 05:36:03 +0000 2024","0","@kojimcity Gue gamau make tinted lip balm soalnya IYA NJIR CEPET ILANG lip tint juga cepet ilang (gue make azarine) tp gak begitu kering sih gue pernah make lip tint nya pink flash duh kering bgt kudu scrub bibir tiap kelar make","1821420085694849426","","kojimcity","in","","0","0","0","https://x.com/preciousPJS_/status/1821420085694849426","1398612999699451904","preciousPJS_"
"1821419574761587178","Thu Aug 08 05:34:01 +0000 2024","0","Guys azarine nya yukkk harga bisa lebih murah via shopee video yahh yuk bisa dm ajaa https://t.co/hdrYSogIS0","1821419574761587178","https://pbs.twimg.com/media/GUb7cXJX0AAfg14.jpg","","in","","0","0","0","https://x.com/craindt/status/1821419574761587178","846841699095592960","craindt"
"1821418570624221357","Thu Aug 08 05:30:02 +0000 2024","0","jir sumscreen spray azarine baru ku beli 5 hari lalu dh abis gila","1821418570624221357","","","in","","0","2","0","https://x.com/aicespaice/status/1821418570624221357","1145177538093731840","aicespaice"
"1821401350925955523","Thu Aug 08 05:28:24 +0000 2024","5","@womanfeeds_id Emina &amp; Azarine ini 40ribuan ajaa (((bisa lebih murce)) stain nya oke gk gumpal ditengah finishnya glossy + gk bikin kering bibir https://t.co/uBGagMGkw4","1821418159578263848","https://pbs.twimg.com/media/GUb6KC8bkAAqxSH.jpg","womanfeeds_id","in","","0","0","0","https://x.com/kiituen/status/1821418159578263848","3272818202","kiituen"
"1821361399815160175","Thu Aug 08 05:22:02 +0000 2024","0","@vunnystuff Done maaf baru bisa dibalas","1821416560172609957","","vunnystuff","in","Kota Tangerang, Banten","0","0","0","https://x.com/asmloy/status/1821416560172609957","1704087565769588736","asmloy"
"1821405581766480038","Thu Aug 08 05:21:42 +0000 2024","0","@viciadios keren","1821416474160107890","","viciadios","hu","","0","0","0","https://x.com/ssailerrmun/status/1821416474160107890","1273237135814848512","ssailerrmun"
"1821412033369383122","Thu Aug 08 05:04:03 +0000 2024","0","moisturizer azarine biru murah guyss https://t.co/a7lYhQxzST promo 8.8 masa dapet diharga 28rb aja https://t.co/DTuI8BeWfv","1821412033369383122","https://pbs.twimg.com/media/GUb0lqLaoAAgsQB.jpg","","in","jogs!","0","0","0","https://x.com/etalasederhana/status/1821412033369383122","1717023481190346752","etalasederhana"
"1821407882518372584","Thu Aug 08 04:47:41 +0000 2024","0","step 3: liptint. lipcream. bebas ya kalo ini inti yg aku tau warna lip ngaruh ke muka bgt ya!!! buat warm tone seperti aku cocok warna yg keoren2an kalo yg warna kaya strawberry gitu di aku jadi keungu2an *pain. aku kalo lagi sholat pakenya azarine kalo lagi mens pake wardah ","1821407914642599976","","palette_hi","in","","0","2","0","https://x.com/palette_hi/status/1821407914642599976","1783879303941537793","palette_hi"
"1821404655647404537","Thu Aug 08 04:43:38 +0000 2024","0","Rekomendasi Info Kode Voucher Diskon Promo Flash Sale Racun belanja beli checkout di Shopee Puncak 8.8 8 Agustus 2024 Flashsale pkl 12.00 Azarine Calm My Acne Sunscreen Moisturiser SPF35 PA++ Sunscreen Gel Untuk Kulit Berminyak Berjerawat Sensitif 40ml https://t.co/c9nH0xd2kI","1821406895531581839","","FitriaNafisa","in","Central Java, Indonesia","0","0","0","https://x.com/FitriaNafisa/status/1821406895531581839","1178539494","FitriaNafisa"
"1821404655647404537","Thu Aug 08 04:42:24 +0000 2024","0","Rekomendasi Info Kode Voucher Diskon Promo Flash Sale Racun belanja beli checkout di Shopee Puncak 8.8 8 Agustus 2024 Flashsale pkl 12.00 Azarine Hydrasoothe Sunscreen Gel SPF45 PA++++ 50ml BEST SELLER sunscreen kulit berminyak berjerawat https://t.co/HaUu939Fs9","1821406584351899862","","FitriaNafisa","in","Central Java, Indonesia","0","1","0","https://x.com/FitriaNafisa/status/1821406584351899862","1178539494","FitriaNafisa"
"1821333487112352026","Thu Aug 08 04:31:54 +0000 2024","0","@scece azarine sama dmb :&gt;","1821403941969826177","","scece","in","catalogs & more, here ‚ûú","0","0","0","https://x.com/stardwustt/status/1821403941969826177","1262522734803734528","stardwustt"
"1821380822479646751","Thu Aug 08 04:10:03 +0000 2024","0","@tokouyon Up 150 sih tergantung size.. kalau yang pelajar friendly cobain Prettywell Ceramon atau ngga Azarine!","1821398442234859872","","tokouyon","in","The Atelier Status: CLOSE!","0","1","0","https://x.com/DelicateScribes/status/1821398442234859872","3254301240","DelicateScribes"
"1821396359829938260","Thu Aug 08 04:05:07 +0000 2024","0","@churipvu Aku pke azarine shade 5 :9","1821397203803611580","","churipvu","in","was ruruy / mbakruru","0","1","0","https://x.com/MODlS/status/1821397203803611580","3273897500","MODlS"
"1821375494459387941","Thu Aug 08 04:00:38 +0000 2024","0","@womanfeeds_id aku wardah acne campur vit c nya azarine ga nimbulin apa¬≤ nder","1821396073220567206","","womanfeeds_id","in","üÑ±üÖÉüÖÇüÑøüÑæüÑøüÑøüÑ¥üÖÅüÖÇ","0","0","0","https://x.com/flaflaflaflower/status/1821396073220567206","1353640713334874113","flaflaflaflower"
"1821391700847431764","Thu Aug 08 03:43:15 +0000 2024","0","Jb sunscreen azarine hydramax isi 2pcs cuma 105rb aja kalo beli satuan juga bisa yaa https://t.co/7FVeanMFd8","1821391700847431764","","","in","","0","0","0","https://x.com/JUALAN_AUTOBASE/status/1821391700847431764","354882092","JUALAN_AUTOBASE"
"1821340373374927363","Thu Aug 08 03:42:00 +0000 2024","0","@chielahk aku pakee yang azarine","1821391385414746279","","chielahk","in","","0","0","0","https://x.com/takarasachie/status/1821391385414746279","590670443","takarasachie"
"1821390047859622359","Thu Aug 08 03:36:41 +0000 2024","0","8.8 TURUN HARGA By Beyoutypop Diskon 15% seharian khusus hari ini Malang Jatim ORI https://t.co/saZzCdg3U9 WTS skincare makeup avoskin cosrx skintific somethinc sea facetology originote elformula azarine pixy buttonscarves cetaphil pure pawpaw #zonauang wtb https://t.co/qetusIXsLI","1821390047859622359","https://pbs.twimg.com/media/GUbgmI3aMAA_r_Y.jpg","","in","Jawa Timur, Indonesia","1","2","1","https://x.com/thumbelinana/status/1821390047859622359","1506453204779040770","thumbelinana"
"1821340373374927363","Thu Aug 08 03:33:10 +0000 2024","0","@chielahk Aku pakai azarine dong","1821389159950663879","","chielahk","in","Indonesia","0","0","0","https://x.com/meryrizky_/status/1821389159950663879","1151818975795245056","meryrizky_"
"1821384694556135622","Thu Aug 08 03:21:06 +0000 2024","0","@moonlighttjinn azarine juara wkwk","1821386122758594846","","moonlighttjinn","in","","0","1","0","https://x.com/ameleezuy/status/1821386122758594846","401141581","ameleezuy"
"1821385801235833141","Thu Aug 08 03:19:49 +0000 2024","0","ss azarine di shopee sm di offline store sama aja anying harganya reflek ga jadi beli","1821385801235833141","","","in","DNFF rl thingy","0","0","0","https://x.com/fuormula1/status/1821385801235833141","1485055511129378819","fuormula1"
"1821379692743794999","Thu Aug 08 02:58:37 +0000 2024","0","@statuesqve azarine yg ijo kak st oily acne prone","1821380465858851110","","statuesqve","in","Indonesia","0","1","0","https://x.com/chepineaa/status/1821380465858851110","1218220042698936320","chepineaa"
"1821378856282161660","Thu Aug 08 02:52:13 +0000 2024","0","100% maks 5k buat beli ss azarine karna kebetulan lagi turun harga jugaa jadi dapet 20k Udah seneng bgt bgt","1821378856282161660","","","in","Indonesia","0","0","0","https://x.com/Freswater/status/1821378856282161660","856144543934160896","Freswater"
"1821130349604434060","Thu Aug 08 02:52:12 +0000 2024","0","@h0neymilktea_ Baru tau azarine punya acne spot","1821378852763131943","","h0neymilktea_","in","Jakarta - Bandung","0","0","0","https://x.com/redburgundys/status/1821378852763131943","616902959","redburgundys"
"1821378585409847300","Thu Aug 08 02:51:08 +0000 2024","0","{mu} gais yang pernah pake serum azarine mending beli serum azarine retinol smooth glowing atau niacinamide 5% (marvel series) ya? terimakasih!!","1821378585409847300","","","in","INFO ‚û°Ô∏è","0","2","0","https://x.com/womanfeeds_id/status/1821378585409847300","866802272432300032","womanfeeds_id"
"1821374137832784126","Thu Aug 08 02:33:28 +0000 2024","0","Rekomendasi Sunscreen terbaik jatuh pada Azarine. Karena memang sebagus itu. Untuk kulit kering cocok yang ini ya sudah ektra vit c dan serum. Harga cuma 50rban. Aku beli di sini https://t.co/9lmMwG8hYH Nahan Desak lebih putih dari aku Yura https://t.co/3HID6wsK4s","1821374137832784126","https://pbs.twimg.com/ext_tw_video_thumb/1821374051430121472/pu/img/6SfLHQBRkHMClh0x.jpg","","in","","0","0","0","https://x.com/CallmeAnnchi/status/1821374137832784126","1743906629719150592","CallmeAnnchi"
"1821365584229216385","Thu Aug 08 01:59:29 +0000 2024","0","YEY MAKASIH FOTONYA","1821365584229216385","","","in","","0","0","0","https://x.com/ssailerrmun/status/1821365584229216385","1273237135814848512","ssailerrmun"
"1821361301207286010","Thu Aug 08 01:58:30 +0000 2024","0","@ohmy_beautybank cosrx morning gel - hadalabo strip oren - labore/azarine (lebih suka illiyoon mau balik ke illiyoon kalo ga coba skin game)","1821365339801723150","","ohmy_beautybank","in","'01","0","1","0","https://x.com/dddbluu/status/1821365339801723150","2232277310","dddbluu"
"1821365182288818406","Thu Aug 08 01:57:53 +0000 2024","0","Temukan [Azarine x Marvel] Miracle Oil Serum 20ml seharga Rp29.250. Dapatkan sekarang juga di Shopee! https://t.co/AEvITBtWpt","1821365182288818406","","","in","Indonesia","0","0","0","https://x.com/disc_beauty/status/1821365182288818406","1196575943822737408","disc_beauty"
"1821365182003613854","Thu Aug 08 01:57:53 +0000 2024","0","Temukan [BELI 1 DAPAT 2] Azarine Blush On Mango Tango FREE Eyeliner Brown (Powder Blush 02. Mango Tango + Eyeliner 02. Eyefogatto) [2 PCS] seharga Rp49.500. Dapatkan sekarang juga di Shopee! https://t.co/xDGMmM3QTa","1821365182003613854","","","in","Indonesia","0","0","0","https://x.com/disc_beauty/status/1821365182003613854","1196575943822737408","disc_beauty"
"1821365157953470968","Thu Aug 08 01:57:47 +0000 2024","0","Temukan Azarine C White Series Package seharga Rp170.100. Dapatkan sekarang juga di Shopee! https://t.co/VBkwQeB0do","1821365157953470968","","","in","Indonesia","0","0","0","https://x.com/disc_beauty/status/1821365157953470968","1196575943822737408","disc_beauty"
"1821364810782507240","Thu Aug 08 01:56:24 +0000 2024","0","Temukan Azarine Advanced Youth Moisturizer 30g &amp; Polypeptide Fresh Vitality Toner 90ml [2 PCS] seharga Rp67.500. Dapatkan sekarang juga di Shopee! https://t.co/VFxyB63WmL","1821364810782507240","","","in","Indonesia","0","0","0","https://x.com/disc_beauty/status/1821364810782507240","1196575943822737408","disc_beauty"
"1821364742348517654","Thu Aug 08 01:56:08 +0000 2024","0","Temukan [Azarine x Marvel] Skin Power Combo Paket Glowing &amp; Anti Penuaan Diri Mengurangi Kerutan dan Garis Halus [2 x 20ml] seharga Rp105.750. Dapatkan sekarang juga di Shopee! https://t.co/dv7NFMKjkL","1821364742348517654","","","in","Indonesia","0","0","0","https://x.com/disc_beauty/status/1821364742348517654","1196575943822737408","disc_beauty"
"1821364576274755997","Thu Aug 08 01:55:28 +0000 2024","0","Temukan Azarine Hydrasoothe Sunscreen Gel SPF45 PA++++ &amp; Vitamin C 10% + Diamond Booster Serum 20ml / Niacinamide 10% + Dipotassium Glycyrrhizate Glorious Serum 20ml [2 PCS] seharga Rp67.500. Dapatkan sekarang juga di Shopee! https://t.co/a9JwbVlqj2","1821364576274755997","","","in","Indonesia","0","0","0","https://x.com/disc_beauty/status/1821364576274755997","1196575943822737408","disc_beauty"
"1821364301845668054","Thu Aug 08 01:54:23 +0000 2024","0","Temukan Azarine CBD Hydraoxidant Ampoule 40ml seharga Rp49.650. Dapatkan sekarang juga di Shopee! https://t.co/bRfgpekecM","1821364301845668054","","","in","Indonesia","0","0","0","https://x.com/disc_beauty/status/1821364301845668054","1196575943822737408","disc_beauty"
"1821364234938134914","Thu Aug 08 01:54:07 +0000 2024","0","Temukan Azarine Vitamin Lab Bubble on Me Deep Mask Cleanser 60ml seharga Rp47.250. Dapatkan sekarang juga di Shopee! https://t.co/nJYuh4ORkO","1821364234938134914","","","in","Indonesia","0","0","0","https://x.com/disc_beauty/status/1821364234938134914","1196575943822737408","disc_beauty"
"1821364109851467846","Thu Aug 08 01:53:37 +0000 2024","0","Temukan [Azarine x Marvel] Niacinamide 10% + Dipotassium Glycyrrhizate Glorious Serum 20ml seharga Rp49.250. Dapatkan sekarang juga di Shopee! https://t.co/Nir8EGU3GD","1821364109851467846","","","in","Indonesia","0","0","0","https://x.com/disc_beauty/status/1821364109851467846","1196575943822737408","disc_beauty"
"1821363913444774362","Thu Aug 08 01:52:50 +0000 2024","0","Temukan Azarine Body Lotion Barrrier Glow 100ml Lotion Kulit Glowing seharga Rp22.250. Dapatkan sekarang juga di Shopee! https://t.co/bsF5B7RmR2","1821363913444774362","","","in","Indonesia","0","0","0","https://x.com/disc_beauty/status/1821363913444774362","1196575943822737408","disc_beauty"
"1821362521594568790","Thu Aug 08 01:47:19 +0000 2024","0","kayaknya forebie ga cocok pake ss azarine bikin gtel","1821362521594568790","","","in","Kebon Jeruk, Indonesia","0","0","0","https://x.com/vinstoreyy/status/1821362521594568790","1599991726579814400","vinstoreyy"
"1821360870343209302","Thu Aug 08 01:40:45 +0000 2024","0","Sunblock Marina atau azarine?","1821360870343209302","","","in","","0","0","0","https://x.com/Blue_moonx21/status/1821360870343209302","1310442227852738560","Blue_moonx21"
"1821359388910882920","Thu Aug 08 01:34:52 +0000 2024","0","[bb] gais yang pernah pake serum azarine mending serum azarine retinol smooth glowing atau niacinamide 5% (marvel series) ya? terimakasih!!","1821359388910882920","","","in","Rules & Partnership: ","0","1","0","https://x.com/ohmy_beautybank/status/1821359388910882920","1239508341186916353","ohmy_beautybank"
"1821349962250101042","Thu Aug 08 01:32:15 +0000 2024","0","@deeskaaa apa tuh? azarine?","1821358732833644767","","deeskaaa","in","Indonesia","0","1","0","https://x.com/curadellapelle_/status/1821358732833644767","375423762","curadellapelle_"
"1820290367763398931","Thu Aug 08 01:20:49 +0000 2024","0","@nabruckss azarine/wardah new ka https://t.co/Q8apZlINTI","1821355855331155979","https://pbs.twimg.com/media/GUbBf35bgAARat6.jpg","nabruckss","in","","0","0","0","https://x.com/lisainurareyahh/status/1821355855331155979","960185366996135936","lisainurareyahh"
